id;start_date;end_date;name;description;location
1;2020-02-03;2020-02-02;Fish multi-byte Savings Account;Computer Practical Fresh Pants;Metal deposit
2;2020-02-03;2020-02-02;parsing red Chips;Money Market Account;Albania web-readiness
3;2020-02-03;2020-02-03;enable Gorgeous Frozen Pants;Common;Savings Account syndicate Planner
4;2020-02-03;2020-02-03;Credit Card Account Table Small Frozen Sausages;South Dakota envisioneer Music;Nakfa
5;2020-02-03;2020-02-02;Investment Account;Games Regional Digitized;copy convergence
6;2020-02-03;2020-02-02;Chair Facilitator;Views e-enable Communications;National Awesome sky blue
7;2020-02-03;2020-02-02;navigating;interactive generating compelling;Home Loan Account
8;2020-02-03;2020-02-03;back-end;Industrial;index orange
9;2020-02-03;2020-02-03;magenta monitor 1080p;Unbranded Plastic Tuna Frozen;generating Highway Ergonomic
10;2020-02-03;2020-02-03;moratorium pixel withdrawal;Mississippi embrace Developer;synthesize Idaho compress
